index,overall_mean,overall_std,overall_median,overall_min,overall_max,overall_IQR
Illuminance [lx] (CIE1931 2°),8005.20849478,17375.2929037,1501.8,0.2,110872.8,6137.15
Correlated Color Temp. (CCT) [K],5753.39493294,1727.9973217,5699.0,0.0,17246.0,1652.5
Esc [W/sqm],5.59850968703,11.4688168077,1.2,0.0,72.7,5.5
Emc [W/sqm],11.313561848,24.3303485503,2.1,0.0,155.1,9.1
Elc [W/sqm],13.0456035768,28.3265632555,2.4,0.0,180.8,10.0
Erh [W/sqm],10.752757079,22.8270915374,2.1,0.0,145.2,9.45
Emel [W/sqm],9.66900149031,20.4038800536,1.9,0.0,129.8,8.85
"X v,mel,D65 (MEDI) [lx]",7288.51445604,15380.0024671,1448.9,0.2,97807.5,6647.35
